<?xml version="1.0" encoding="UTF-8"?>
<!DOCTYPE coverity SYSTEM "config.dtd">
<coverity>

<metrics>
    <metric>
        <name>time</name>
        <value>12</value>
    </metric>
    <metric>
        <name>args</name>
        <value>cov-build --dir cov-int --no-command --fs-capture-search back-end/app/src/</value>
    </metric>
    <metric>
        <name>host</name>
        <value>mosta</value>
    </metric>
    <metric>
        <name>short-platform</name>
        <value>linux64</value>
    </metric>
    <metric>
        <name>platform</name>
        <value>Linux 5.8.0-50-generic x86_64</value>
    </metric>
    <metric>
        <name>ident</name>
        <value>2020.09 (build 3412dc3383 p-upland-push-1502)</value>
    </metric>
    <metric>
        <name>user</name>
        <value>mosta</value>
    </metric>
    <metric>
        <name>cwd</name>
        <value>/home/mosta/manon</value>
    </metric>
    <metric>
        <name>config</name>
        <value>/home/mosta/cov-analysis-linux64-2020.09/config/coverity_config.xml</value>
    </metric>
    <metric>
        <name>intermediatedir</name>
        <value>/home/mosta/manon/cov-int</value>
    </metric>
    <metric>
        <name>outputdir</name>
        <value>/home/mosta/manon/cov-int/output</value>
    </metric>
    <metric>
        <name>emitdir</name>
        <value>/home/mosta/manon/cov-int/emit</value>
    </metric>
    <metric>
        <name>force</name>
        <value>no</value>
    </metric>
    <metric>
        <name>cygwin</name>
        <value>no</value>
    </metric>
    <metric>
        <name>failures</name>
        <value>18</value>
    </metric>
    <metric>
        <name>successes</name>
        <value>24</value>
    </metric>
    <metric>
        <name>recoverable-errors</name>
        <value>0</value>
    </metric>
    <metric>
        <name>dotnet-webapps-detected</name>
        <value>0</value>
    </metric>
    <metric>
        <name>dotnet-webapp-successes</name>
        <value>0</value>
    </metric>
    <metric>
        <name>dotnet-webapp-compilation-secs</name>
        <value>0</value>
    </metric>
    <metric>
        <name>buildcmd</name>
        <value></value>
    </metric>
</metrics>
</coverity>
