<?xml version="1.0" encoding="UTF-8"?>
<!DOCTYPE coverity SYSTEM "coverity_config.dtd">
<coverity>
<!-- THIS FILE IS AUTOMATICALLY GENERATED - YOU MAY ADD XML ENTITIES -->
<!-- TO UPDATE THE COMPILER CONFIGURATION AFTER THE begin_command_line_config ENTITY. -->

    <cit_version>1</cit_version>
    <config>
      <build>
        <compiler>
          <comp_name>cov-filesystem-capture-php-0</comp_name>
          <comp_translator>php</comp_translator>
          <comp_lang>Non Compiled</comp_lang>
          <comp_front_end>cov-internal-emit-misc</comp_front_end>
          <comp_desc>PHP Filesystem Capture</comp_desc>
          <comp_generic>php</comp_generic>
          <id>php-cov-filesystem-capture-php-0-5a1995420d2d19a15b7f070de9c8b369-0</id>
          <is_compiler>true</is_compiler>
          <is_linker>false</is_linker>
        </compiler>
        <options>
          <id>php-cov-filesystem-capture-php-0-5a1995420d2d19a15b7f070de9c8b369-0</id>
          <template_config_option_id>php-cov-filesystem-capture-php-0-.*</template_config_option_id>
          <prepend_arg>--language=php</prepend_arg>
          <split>
            <options>
              <prepend_arg>-coverity_source=non_compiled</prepend_arg>
            </options>
          </split>
          <expand>
            <options>
              <intern_split_response_file_fn>line_split</intern_split_response_file_fn>
            </options>
          </expand>
          <begin_command_line_config></begin_command_line_config>
        </options>
      </build>
    </config>
    <md5>a0f117837137f33ac0f4bfcc452ce6b6</md5>
</coverity>

